bli,bli,,
abacate,com mel,,
bla,bla,,
Strawberry Cake Cookies,Easy strawberry cookies made with strawberry cake mix and fresh strawberries.,,
Onion Gravy,Onion gravy.,,
bla,ble,,
bla,ble,,
bli,blo,,
cla,cle,3,
Mango Mousse,Top each serving with extra mango if desired.,"",
cle,cli,4,
Mango Cobbler,"This moist, sweet, buttery mango dessert is good served warm or cold.","",
Mango Mousse,Top each serving with extra mango if desired.,Rating: 4.5 stars,
Mango Cobbler,"This moist, sweet, buttery mango dessert is good served warm or cold.",4,
Mango Mousse,Top each serving with extra mango if desired.,4,
Mango Cobbler,"This moist, sweet, buttery mango dessert is good served warm or cold.","",
Mango Mousse,Top each serving with extra mango if desired.,4.5,
Mango Mousse,Top each serving with extra mango if desired.,4.5,
Mango Mousse,Top each serving with extra mango if desired.,4.5,
Mango Pudding (Flan de Mango),Pure Puerto Rican recipe that we call 'flan de mango.' The mango may be substituted with pumpkin or yam puree.,3.8,
Mango Mousse,Top each serving with extra mango if desired.,4.5,15 mins
da,de,4,10 min
Best Brownies,"Cakey on the outside and fudgy in the middle, this easy brownie recipe really is the best! Done in an hour.",4.53,
